,Name,Phone,Email,Company
0,Wallace,1-513-572-9761,Morbi@placerat.net,Sit Amet Incorporated
1,Whilemina,1-742-578-6022,a.magna@Praesentinterdumligula.edu,Cras Lorem Lorem Consulting
2,Howard,650-5503,vitae.orci.Phasellus@NullamenimSed.ca,Morbi PC
3,Ali,1-913-371-5958,Cras.sed@idanteNunc.ca,Proin Velit Corporation
4,Ian,666-0437,Sed.pharetra@lectus.co.uk,Malesuada Malesuada Integer Ltd
5,Forrest,1-279-640-2448,ac@ridiculus.ca,Nunc Sed Inc.
6,Dieter,166-4913,ipsum.Curabitur.consequat@aliquam.com,Elementum Dui Incorporated
7,Kelly,1-553-208-5904,felis.Nulla.tempor@velvulputate.edu,Auctor Nunc Nulla Company
8,Tyrone,1-683-986-0232,sagittis.felis@faucibusid.ca,Euismod In Dolor Corp.
9,Isaac,276-4126,Nullam@sociisnatoquepenatibus.edu,Massa PC
10,Jared,1-695-120-8655,Fusce@sedconsequat.com,Vestibulum Nec Foundation
11,Macon,1-556-696-5132,blandit@antebibendum.edu,Massa Rutrum Consulting
12,Nash,136-7309,tellus.lorem.eu@ipsumsodales.net,Ante Ipsum Primis Company
13,Simone,1-602-432-1796,massa.Mauris.vestibulum@risusIn.com,Purus Gravida Industries
14,Bernard,1-773-799-2976,a.scelerisque@dolordapibus.co.uk,Purus Duis Elementum Company
15,Miriam,103-7208,Nulla.aliquet@eudui.ca,Fusce Mi Lorem Corporation
16,Jada,432-7235,auctor.nunc@posuerecubiliaCurae.org,Urna Justo Inc.
17,Hilel,667-2851,felis.Nulla@ornareegestasligula.org,Cursus Et Eros LLP
18,Haley,1-351-543-5598,Vivamus.non@dignissim.net,Placerat Orci Institute
19,Vera,383-0803,fermentum.convallis@Aliquam.edu,Per Inceptos Institute
20,Chadwick,649-0902,Nunc.ac.sem@enimEtiam.com,Mauris Inc.
21,Tyrone,926-0349,euismod@nuncsed.org,Parturient Montes Foundation
22,Octavia,1-461-992-6592,justo.eu@adipiscing.co.uk,Enim Sed Nulla Incorporated
23,Wesley,731-7298,velit@varius.co.uk,Suspendisse LLP
24,Kevyn,1-390-429-9099,nisi.magna@enim.net,Ac Ipsum Phasellus Inc.
25,Bianca,282-6411,arcu.imperdiet.ullamcorper@variusorciin.co.uk,Rhoncus Corporation
26,Kylie,364-2567,vel.arcu@ipsum.co.uk,Nunc Ac Sem Limited
27,Sophia,1-762-977-4555,non.enim.commodo@lobortistellusjusto.net,Dui Quis LLP
28,Zahir,124-7705,vitae@nibhsitamet.co.uk,Quam Dignissim Consulting
29,Dane,491-6856,vestibulum@inconsequat.ca,Sed Limited
30,Erin,785-0416,metus@magnaUttincidunt.net,Magnis Inc.
31,Daquan,1-625-287-1870,montes.nascetur@sollicitudin.ca,Erat Associates
32,Ora,1-321-646-8222,non.nisi@anteipsumprimis.edu,Mauris Nulla Integer Institute
33,Julie,1-605-807-5186,dolor.quam@consectetuercursus.com,Aliquam Foundation
34,Colby,193-7100,blandit@tristique.com,Mollis LLP
35,Deacon,555-2573,elit.Aliquam@temporarcuVestibulum.com,Et Lacinia Vitae Ltd
36,Haley,921-1904,tortor.dictum@nonegestas.ca,Aliquam Incorporated
37,Shoshana,839-1653,dolor@Morbi.ca,Pede Ac PC
38,Quin,364-3358,tellus.Aenean@magna.org,Consectetuer Inc.
39,Francis,435-5965,amet.diam.eu@quam.com,Elementum Purus Accumsan Company
40,Wilma,1-723-861-1299,convallis@nuncacmattis.com,Dapibus Ligula Aliquam LLC
41,Uriah,1-969-713-1657,Etiam.ligula@turpisvitaepurus.org,Vestibulum Industries
42,Mikayla,1-983-844-9810,Quisque.purus@quam.edu,Ut Corp.
43,Cullen,439-3575,facilisis.magna.tellus@idenim.org,Diam Vel Arcu PC
44,Raymond,1-129-283-0700,Sed.eget@Utsemperpretium.ca,Vulputate Industries
45,Bell,1-461-533-9724,arcu.vel.quam@dictum.net,Lobortis Associates
46,Hayley,1-680-778-6647,magna@Aliquam.net,Posuere Enim Limited
47,Honorato,227-3069,sed.libero@mus.org,At Auctor Ullamcorper Incorporated
48,Micah,520-7770,et.pede.Nunc@Nuncsollicitudincommodo.net,Amet Ltd
49,Athena,1-550-272-5423,metus.In@orciDonec.ca,Ac Tellus Suspendisse Industries
50,Robin,1-654-213-3555,odio.tristique@porttitorscelerisqueneque.org,Adipiscing Corporation
51,Maryam,1-925-747-0451,Nullam@sollicitudinadipiscingligula.net,Risus Varius Associates
52,Shannon,1-536-758-8154,euismod.urna.Nullam@Morbi.net,Sit Ltd
53,Keegan,1-740-468-7980,sit.amet.nulla@arcu.org,Metus In Nec Institute
54,Darius,692-5189,interdum.feugiat@egetvariusultrices.ca,Primis In Faucibus Limited
55,Chadwick,389-3053,augue.ut.lacus@mieleifend.com,Mauris Eu Turpis Ltd
56,Madison,1-445-920-2316,Donec.est@urnajusto.co.uk,Molestie In Tempus Company
57,Halee,680-9393,elit.Etiam@Nunc.co.uk,Nullam Scelerisque Neque LLC
58,Maxine,1-552-229-3375,a.ultricies.adipiscing@egetvenenatis.edu,Ac Risus Institute
59,Lucian,1-458-616-1049,sem.elit@odio.net,Eu Tellus Consulting
60,Chanda,358-6216,cursus@posuerecubilia.net,Vivamus Non Lorem Associates
61,Gregory,708-3301,Donec.tempus@ridiculusmus.org,Ut Molestie In Corp.
62,Colin,254-3004,id.ante.dictum@vulputateposuerevulputate.org,Elit LLC
63,Kelly,798-3918,nec.tellus.Nunc@fringillami.com,Sed Foundation
64,Haviva,505-9455,In@idanteNunc.ca,Vulputate Mauris Sagittis Company
65,Gail,1-795-668-5676,arcu.iaculis@rutrumloremac.edu,Neque Morbi Quis Incorporated
66,Ayanna,186-1770,ornare.placerat@MorbimetusVivamus.edu,Rutrum Justo Consulting
67,Keaton,822-7674,montes.nascetur.ridiculus@fermentumrisus.org,Tincidunt Aliquam Ltd
68,Benjamin,700-9767,Duis@etultricesposuere.edu,Neque Morbi Quis LLP
69,Bianca,318-0674,libero.Integer.in@loremsemper.ca,Morbi Institute
70,Meredith,1-103-166-1475,consectetuer.cursus@Crasvehiculaaliquet.co.uk,Proin Nisl Foundation
71,Noah,1-399-802-0761,eu.dolor@vitaevelit.co.uk,Eros Proin Corp.
72,Aimee,1-745-413-5327,Donec.elementum@volutpat.co.uk,Nec Orci Corporation
73,Stone,1-658-131-6566,aliquam.arcu@Cras.net,Ultrices Duis Volutpat Corp.
74,Joan,368-8311,mauris.a@Naminterdumenim.net,Purus Associates
75,Charde,1-862-339-7242,dictum.augue.malesuada@Vivamusrhoncus.edu,Nec Inc.
76,Shay,654-9332,elit.elit@ante.com,Ut Pellentesque LLC
77,Lester,446-2981,nisi.nibh.lacinia@Phasellusdolorelit.co.uk,Neque Sed Eget Company
78,Dieter,1-966-128-0386,Etiam.gravida@ut.com,Donec Fringilla Consulting
79,Francis,210-3714,Sed@telluseu.org,Scelerisque Scelerisque Dui Company
80,Demetria,398-6438,ullamcorper.viverra.Maecenas@ultriciesornare.co.uk,Aliquam Eu Accumsan Institute
81,Alea,1-868-168-4021,sodales.Mauris.blandit@sed.com,Mollis Corporation
82,Tyler,205-9256,Suspendisse.ac.metus@enim.org,Diam Pellentesque Habitant LLC
83,Kelsie,210-9330,dolor@SedmolestieSed.net,Euismod Ac Ltd
84,Naomi,574-1345,vitae@vulputatenisisem.edu,Nullam Velit Corporation
85,Caldwell,1-116-808-3599,at.fringilla@duilectusrutrum.co.uk,Et Tristique Pellentesque Consulting
86,Colette,1-174-761-4331,Donec.consectetuer.mauris@mollis.org,Non Quam Pellentesque Foundation
87,Catherine,1-359-707-2181,a@Quisqueornare.com,Venenatis Lacus Etiam PC
88,Ruby,1-722-240-7098,sed.consequat.auctor@Nuncmaurissapien.edu,Natoque Foundation
89,Dolan,1-914-883-2986,turpis.egestas@aliquet.ca,Dui Suspendisse Ltd
90,Hedley,1-933-652-4494,sem.consequat@velitCraslorem.edu,Magna Suspendisse Tristique Limited
91,Scarlett,1-516-966-1832,sem.Nulla.interdum@Aeneanegetmetus.org,Aliquam Nec Enim Inc.
92,Hadley,1-205-538-4680,Nunc@In.com,Vitae Nibh Corporation
93,Cameron,866-5361,varius.Nam@Craspellentesque.ca,Dolor Dolor Tempus LLP
94,Alden,1-340-948-3220,vitae.aliquet.nec@massaSuspendisseeleifend.org,Interdum Ligula Eu LLP
95,Lawrence,1-258-188-5159,orci@nisi.edu,Mauris PC
96,Suki,788-5455,imperdiet@molestietortornibh.edu,Consequat Associates
97,Baker,777-8679,consectetuer.ipsum@incursus.org,Rutrum Non Hendrerit Corp.
98,Price,603-1618,sagittis.felis.Donec@faucibus.org,Mi Tempor Consulting
99,Eric,1-353-498-2503,Morbi.accumsan.laoreet@elitelit.edu,Ligula Eu Company
